0	シリウスの輝きのように	SrwPC5ww5x0
0	幾億の星の空で	IbL4FTdt6EM
0	Binary Star	QPJ7ut2PI28
0	Decide	RZqb0loZ_JU
0	Fernweh	mwOf5TSGifw
0	パーティー・ジョーク・シンデレラ	Q46pGFx023w
0	Pandastic Stage!	wSMQ213Zexk
0	プラネタリウム・レヴュー	6Z_09RGxOis
0	悠久月華	E1wGap8Iig0
0	暁星アストレーション	60UnSZwnuvM
0	情熱リベレイション	CmoSacsOMvg
0	てぃだんちゅ MEETS てぃんがーら！	yYVberUSKDk
0	夏の夜空に光る雪	fQZt52zoenQ
0	巡る暦の花のように	Vvn9pVmcguI
0	革命ダンス	9anVD2gLbEk
0	勿忘唄	3nz0uSvjLxs
0	ウタカタメロディ	-YqGnAdiDG0
0	デアエ	l496Q2fm2DA
0	サマーバカンス☆アクトレス！	M4b0ke1IbCs
0	ひとりの夜のフィルモグラフィー	prKs0zz1xvc
0	Drawing World	yc1lzKDEH8s
0	Masquerade	QbJqxq0fzjE
0	Faith in Expression	d7d0Fk_Myyw
0	純粋と奔放	MJ7W1I5Evtw
0	Blondie Revenge Tragedy	qgX5zMIA4L4
0	Black Diary	y8TVTuMSbo8
0	フレーフレー・ファンファーレ！	YLaI3mo0_mA
0	血を着飾る栄華のために	dQZXcnJGb60