2	01  ゲートは今ひらく	cnZ_2JZAmMU
3	02  出遅れスタート	rgcGxPWxTnY
4	03  蹄鉄、強く軽やかに	km51bsLt-Tw
5	04  勝利をこの手に	uWQ9VD3COxY
6	05  心臓破りの坂	Wvhu_BQ1248
7	06  芦毛、遥か彼方に	-PNdjtrk-iA
8	07  ファンファーレは君に降り注ぐ	NfWvOTQ1His
9	08  脚取りは重く	2KCBrQFD0zw
10	09  とにかく脚を回せ	YIpsBznGIWA
11	10  黒鹿毛、風に揺れる	Y3oqppNBWsc
12	11  勝利の女神も夢中にさせるよ	axfp5A4CkZQ
13	12  星空の下、ひとり	cNnT33eOcvA
14	13  寂しくなんかなかった	20Wp8TeM-sY
15	14  今日も頑張る黒鹿毛少女	dxAeOS4Vj8s
16	15  あなたがいるから	wg8D1ywO6D4
17	16  ウマ娘心と秋の空	U2dcC3IXrFs
18	17  明日はきっとウマくいく	uUkI7HJlz7w
19	18  一体どうして	NcglWMwJVgs
20	19  天高く、ウマ娘燃ゆる青春	1Yv6w6sVYnk
21	20  強がりを強さに	RGXFx-uh9Zg
22	21  やるしかないんだ	y2oLLeR6wiY
23	22  やるときはやるんだ	cwXTlEWAxLE
24	23  今すぐStep it!	-M5Wr_jqg4Y
25	24  憧れの君へ	WAGeQBVw-XM
26	25  神メ雄壮	lZu3T_uduiI
27	26  ウマ娘、日々是成長!	u6oNqIrxEsI
28	27  集まればバ耳東風	pZZKFh5Fe-E
29	28  便箋は楽しげに語る	a2TPGAAVziw
30	29  にんじんの雲	pQ2S6yTvoLg
31	30  唯一抜きん出て並ぶ者なし	e45VAs_I340
32	31  飛び込め!	vcqNnhZecv4
33	32  逃げ足も速いのね	-uQk5biBwOA
34	33  鹿の蹄の垢	aBDvI_VMjgs
35	34  つける薬はない	GxjMK5w_Te0
36	35  せめぎ合う二人	Y-bWCpMaSw8
37	36  ウマが合う二人	WuEo-l9lKwE
38	37  いずれバ脚を現す	tv2LjtDheno
39	38  沈黙	dX9Pcb3HhWc
40	39  響け、ファンファーレ!	cnQit95-Y6w
41	40  そんなこともある	J8img_D_pWI
42	41  いいことだってある	YaI_JrmBvVQ
43	42  明日につなげて	2n5xQ_skxdY
44	43  ウマ娘の歴史	EdQb9YTSjvU
45	44  はじめての景色	4GBOiZx-sPQ
46	45  大事なお知らせ	Ky_lWDBjpeg
47	46  ときには無邪気に遊びたい	kPGSRwZ-YVo
48	47  大丈夫だから	v4kwqzFrA-s
49	48  ずっと夢見てたから	LZ4ZziOSJd4
50	49  夢のゲートはいま開く	WgiGm7Acqmo
51	50  未来へのファンファーレ	1qe0cvhCHbw
52	先に行くね	s4smfQEKLtQ
53	憧憬の眼差しで	9t9OxX3yr0k
54	昨日と今と、これからと	YwGlUl_plE4
55	無敗か、連覇か。	E51IV_9rogU
56	約束	n2wfwJ-zPLk
57	それは走る為の脚だ!	fyXK9ePpbz4
58	景色の中に見た願い	da-Cc9Gp88w
59	希望の光	6EfJtwU3e38
60	競い合うライバルたち	vLaoy0nx3Rw
61	当たるも八卦、当たらぬも八卦	3orR2SUpc68
62	集まれ!輝く個性	2jMo4k3Fxuc
63	黒い刺客	QsG3pEA1sco
64	無敗と、連覇と。	rPrmWyf6sOs
65	運命のターフ	vAfNlINST00
66	迷いのレース	V65ukeyLDnQ
67	それぞれのエール	xwMZBv-WLVo
68	走らない理由	CkYfjKJCCqU
69	追いつけない背中	5snQ8-fZWVc
70	遠ざかる夢たち	22N_lzEBt2U
71	みんな、本当にありがとう。	YTmVSRa3G0g
72	奇跡の大舞台	47PRdLk_rN8
73	まだ誰も知らない明日へ	0H1JaXE6NSk
74	約束 (Music Box Ver.)	uiZ1asTKvR4
75	はちみーのうた	1OKbWBBsvRM
76	願いのカタチ	WJItfcGoaFE
77	Enjoy and Join	DnrPgUcxa_M
78	40点下！トレセン学園追試特別	3_J2d9JuVVk
79	大激戦!? ラーメン杯 (GⅡ)	NuF_VcHVTs8
80	出来立て！トレセン学園案内VTR	t1xqnKXDwP8
81	憧れの世界はホラここに	MhC3IP_Mwqw
82	お嬢様たちの優雅なランチ	70n7qAanjY4
83	カブトムシとりだよ！BNW	TQyZaaZoG_w
84	ヒーロー劇場・ウマソルジャーⅤ!!	F1_VOP2h0zI
85	夢を叶えよう！逃げ切りシスターズ☆	6jDwrhb-snI
86	ビビったら負け！肝試し対決！	L2EyMzDPk0A
87	うまよんサスペンス劇場	pfnD4W5PKpw
88	本日のメインレース！金船障害 (GⅠ)	HFydq5U8VY4
89	GIRLS' LEGEND U ―やっとみんな会えたね―	k6HEwAXGbWM
90	URA Finals!!	FhtuBff9N0g
91	Kono Obutai de mo Kitto	WQBIdWoQ1Us
92	Kiseki ni Tachi aeta Shunkan	ViViKMiAFz0
93	Ee Douse Watashi wa Jamamono desu kara	EtZQ7oSPGOo
94	At Home na Team	JQwvBEMmR7k
95	Let's go! Start!	PuQu9_TfTQ4
96	Mejiroke no Shimei o Tomo ni Seou to iu Koto	KeMiYcqLEWM
97	Shinjite Sasae tsuzukeru Koto	5cFN3xPPEwQ
98	Toresen Gakuen Annai	1-ityVZlLQQ
99	Fugai Nai Kekka	m5K0641_-Kk
100	Maegami Pattsun no Umamusume	K258gFV9Wvk
101	Dosakusa ni Magirete Takarou to suru no wa	uxOc8MlW5Oo
102	Ushiro de Aitsu ga Ugoiteru	Aj2r8lc8PBQ
103	Tareme no Umamusume	po0vDK2Hi5o
104	Shinsei Team ᐸSiriusᐳ	4PnhlPWU8aA
105	Suichu	BAptqj9z5l4
106	Nicchu to Yoru ga Chotto Chigau Home no Ongaku (Hiru)	S6iOZ6gfbWI
107	GIRLS' LEGEND U -Yatto Minna Aeru-	gYtzAJmLEAA
108	GIRLS' LEGEND U -Ide yo! Rainbow!!-	USrwLTpPeQg
109	Ikusei Kyokachu	yglxhDRjQlM
110	Make debut! -Ikusei Hajimemashita-	qII9H0LDZB0
111	URA Junior Class Classic Class	mI_Aetl7Amo
112	Shutter to Jitensha Bell no Oto ga suru Shotengai	-W4snqNtjLw
113	Kuchibue! desu ga, Nani ka?	soO_fB4eY8U
114	Yacchimatte mo Daijobu da yo	j3IYvN-hFQk
115	Jitsu wa Taisetsu na Takaramono	wZIfRG51YwQ
116	Gakkyu Iincho desu kara	39Z11F4Wc0E
117	Pop na Koshaura	dltl5ibaLSQ
118	Daitai Rijicho	xGJHh8jPcqA
119	Nicchu to Yoru ga Chotto Chigau Home no Ongaku (Yoru)	8DOzjHj5NS8
120	URA Senior Class	8H_vCjIC-xw
121	Gasshuku de Umizoi Seaside	GxPwFSSCopk
122	Gasshuku de Pool-zoi Poolside	M9RKm8rntCQ
123	Iku Kukan ni Hikizuri kome	odfv3SDlWuU
124	Wow Anshin	R4ktUeaTBiU
125	Jingle Bells	dg5Bw8j1M6E
126	Oshogatsu dayo GIRLS' LEGEND U	C8h4zc7pvOw
127	Fukubiki no Aru Shotengai	W4seJjnoByk
128	Fukubiki Chance!	6zC6FU703FM
129	Happy Valentine's Day!!	gdZ-tZ_lsus
130	Tacchan	2lsb_TuPmaM
131	Watashi ni Totte Subete datta kara	DxWNXuGnBL8
132	3nenkan no Omoide	fjAwVJZbfYE
133	Paddock	PtRSP4lBF6Y
134	Daily Race	FxD9ZLZrn1k
135	Daily Race Saigo no Shobu	ejzLClBgkv4
136	Open Race	9JPDWtMF20E
137	Open Race Saigo no Shobu	FB0Rp-j_jWM
138	Jusho Paddock	A6DWOBW83LU
139	GⅢ	yyxoukXYXho
140	GⅢ Saigo no Shobu	VhTDVt5Xveo
141	GⅡ	eNvOjIrx_4M
142	GⅡ Saigo no Shobu	YfYIVsotNks
143	URA Fainals Fanfare	OXoRN7gWdkg
144	GⅠ & URA Fainals	kJ3vUdtxiPM
145	GⅠ & URA Fainals Saigo no Shobu	lKxIRX_nH3g
146	URA Fainals Kessho Shussohyo	bb2y0nf41W4
147	URA Fainals Kessho Fanfare	hjTRi3fMmu4
148	Nihon Derby Arima Kinen URA Kessho	Kn9fMdQGKgU
149	Nihon Derby Arima Kinen URA Kessho Saigo no Kessen	yjmCCTTDyhM
150	Tokyo & Nakayama GⅠKyoso	hPcDMk-ib6E
151	Tokyo & Nakayama Jusho Kyoso	fuQGP3m3Qdo
152	Tokyo & Nakayama Ippan Kyoso	uupIdl98OEo
153	Kyoto & Hanshin GⅠKyoso	TSEptoy3XdQ
154	Kyoto & Hanshin GⅠKyoso	TSEptoy3XdQ
155	Kyoto & Hanshin Jusho Kyoso	LjScF64G_8I
156	Kyoto & Hanshin Ippan Kyoso	R0vN-97prO4
157	Takarazuka Kinen Kyoso	yyDpSWFDPWU
158	Chukyo & Kokura Ippan Kyoso	wKQzT-MLJ5Q
159	Chukyo & Kokura Jusho Kyoso	807fIX9Xi3Y
160	Fukushima & Nigata Jusho Kyoso	MqUf4Mzgj3k
161	Fukushima & Nigata Ippan Kyoso	IqWzIvt1_GE
162	Sapporo & Hakodate Jusho Kyoso	mLW34Moj2S4
163	Sapporo & Hakodate Ippan Kyoso	msuP1zcyQxQ
164	バクシンバクシンバクシンシン	lNqA0ETpkdU
165	Bakushin Bakushin Bakushinshin (Ogosoka Ver.)	oaUSGL8FCAU
166	Bakushin Bakushin Bakushinshin (Otsukare Ver.)	mDsEcTzKzWQ
167	Bakushin Bakushin Bakushinshin (Yaruki Ver.)	cYA-R25OxTA
168	Teio Teio Teiteio	pWUI8l3R7WQ
169	Gorushin Gorushin Gorushinshin	fWibq2aG_DQ
170	Hashire Umamusume	YoaJKlp0K_E
171	Pakatube! desu ga, Nani ka?	5IoAsYz7GUA
172	嵐を呼ぶウマ娘 (たち)	LqGWJnKuF7Y
173	静かなる漆黒	WJMQSA7xpMk
174	今宵、BARでカクテルを	OfO6q102G-0
175	ツヨシ、びるどあっぷ！	Z-hoJZW9fYQ
176	絶対絶交宣言！？	jBZpr4mgTdY
177	謎解きは朝食の前に	vlPD5jJC6Kk
178	シリウスさんのお気に入り	Iansmx-fW-Y
179	取材ですよ！乙名史さん！	LtM7SEpA70I
180	ヤマヲカケル！	dbSgk9RrJxs
181	ウマ娘百物語	I7dtZ_CFCO8
182	竜虎相搏	LSfNfXJg_Uk
183	鎖威拒宇血夷武！波羅離螺！ (さいきょうちいむ！ぱらりら！)	VmmyJTKUUPk
184	同類項では括れない	AFV8x9ms2Lc
185	さく！サク！柵！	M_tm1l5yaNk
186	迫りくる魔の手	4tqpvEiwMyo
187	何じゃ ニンジャ ファンじゃ！	GWEF56RuLQk
188	白熱！ルドルフ王選手権	LZJScyhdUzw
189	G様の言うとおり	VKtG6Ao6jKM
190	勝負師達の哭く夜	07yoeuhInj0
191	ファイン屋ちゃんねる！	A3nKpCItQ4M
192	Shall we ダービー？	rr3j9ib9CKs
193	ヒカリ差す場所へ	kv23oFZIxSs
194	漆黒の魔法使い	9Yu12bK5f2Q
195	小さながんばり屋	zIDmRurP6Vs
196	任務を遂行します	el9OGyoHpVo
197	ひとりぼっちの魔法使い	NObOQDvDf68
198	輝く未来を君と見たいから	5Xwg0ggAJIk
199	魔法が使えなくなってしまった魔法使い	fsyRcr4wLWY
200	もう 泣かないよ	ihv1zcvSQsg
201	みんなを幸せにする魔法	16bXRt-odyA
202	レジェンドレース ファンファーレ	7EZ1Y3oQbRg
203	レジェンドレース	oScgYVMBfRo
204	レジェンドレース 最後の勝負	EscY7rUZM8c
205	チーム競技場 -DRAW-	giUKC0eW9WE
206	Brand-new Friend	h81KJpjy9Xc
207	トモダチ以上	FNRTpNh1YFw
208	あるウマ娘の手記	XN1hXeTJ7zQ
209	きっと始まるStory	DU0oltQQNSg
210	ゆーびきーりげーんまーんっ	2-n8uaXGOSI
211	little by little	lGAfZQKzC4M
212	キミと夢をかけるよ	jAhebMaDmTI
213	ダービーウマ娘物語 序章	rVBgWHDz2k4
214	B・N・W!!	EKlW_3T5ifA
215	Turn up!	yK8kJd-RhYM
216	アタシの夢は...	vKHHDpoEGIU
217	『友』と書いて『ライバル』	2MoO79hZZzw
218	もっと早く！！もっともっと！！	Fjj2gofYCzg
219	あの日君に感じた何かを信じて	sAm_qa736wA
220	アタシたちのダービー	1Tnks5mPC14
221	開幕！チャンピオンズミーティング	715Zln0pIs4
222	チャンピオンズミーティング 予選ファンファーレ	I96ZBPkoDo8
223	チャンピオンズミーティング 予選	kDJdKiiOxOg
224	チャンピオンズミーティング 予選 最後の勝負	cgmSlH7IMqU
225	チャンピオンズミーティング 決勝ファンファーレ	uB_WE0w-Yu0
226	チャンピオンズミーティング 決勝	uQz_9QKIumw
227	チャンピオンズミーティング 決勝 最後の決戦	jjFdTEzxFo0
228	滾り、渇望す	Bx_XpZtNRY4
229	ブッちぎればいいだけだ	BvbF6A9UMEI
230	姉貴の想い	SyLW6QVgzEc
231	シャドーロールの怪物	E_iMpjMDTpE
232	渇き続ける心	4KJVoo7AOdE
233	虹の彼方へゆこう	GF4HMDGAYwI
234	怪物の葛藤	uFs6hr38nnI
235	生きた証になれ	ETj4ZVXW1jY
236	剣と魔法の王国『ウマネスト』	bTLJor4aAvU
237	占いおばば、かく語りき	QZBcm-nBZA8
238	一流魔将・キングレイジョー	Ri-jBMfncWc
239	コンドル猛撃破！	A7nz2yqb27Q
240	ウマ王ですが、何か？	9pLCBpaej7w
241	幻想うまぴょいLEGEND U	Emo87A93DP4
242	アオハル杯～輝け、チームの絆～	NJNh1qzMi-8
243	アオハル杯 1st Step	IbNGxyGVulw
244	徹底管理主義	hOgEucW5y8c
245	アオハル杯 ファンファーレ	iAsygPZp5Z0
246	アオハル杯 プレシーズン	zB0Hq0IMxZA
247	アオハル杯 プレシーズン 最後の勝負	yaof6trYTpU
248	アオハル杯 2nd Step	Do9qTxsXedI
249	チーム＜ファースト＞の宣戦布告	qBci90Me-yA
250	アオハル杯 3rd Step	4P6EqRu2uDI
251	貴方たちに私のチームが倒せますか？	CvGuoWcz24k
252	アオハル杯 決勝ファンファーレ	PMSgfo6Yoqo
253	アオハル杯 決勝	z0DjU01GIGc
254	アオハル杯 決勝 最後の決戦	cqDUrha57Ug
255	劇的フィナーレ！！！	Mf0h6zQIGUY
256	あの娘が水着に着替えたら -うまぴょい夏物語-	kMgbhIVdogQ
257	ディスコ×ティラミス×ナタデココ	WCmImAwV66c
258	バブリー純情派	y0LQx3ThTNk
259	晩秋、囃子響きたる	JfqwJ26GKqs
260	秋寂びて君を想う	6Cuhw81i8WY
261	百花繚乱、三人娘の舞	PSXv8_Ine0I
262	きみ、珊瑚樹のごとく	DEMCuY3f1yo
263	YA BU SA ME	XS4J_9-iFPU
264	レーシングカーニバル de Go Go！	zl5vqvy2mCw
265	カーニバルレース ファンファーレ	vZW4qT4n97M
266	チャレンジレース ファンファーレ	wlLrIsPuPjE
267	チャレンジレース	hTm3jmfnoUA
268	チャレンジレース 最後の勝負	2QkSDSHh8jc
269	メリー、グロウアップ・シャイン！	K465LDLSmqo
270	Winter Wonderland U	yJcBOf-JEkI
271	Christmaspecial	1iUG6Wastf4
272	新春大大吉キタル！	-gsqGELY2Es
273	天晴みんなに福が来る	CIb-eWwnXNI
274	Make a new track!!～クライマックス開幕～	Xn-nZUByJ-A
275	Make a new track!! ジュニア級 クラシック級	03Bv5wYoHlI
276	Make a new track!! シニア級	1QxitNAlVZw
277	トゥインクルスタークライマックス ファンファーレ	TaWhJXvZVxY
278	トゥインクルスタークライマックス	qBdy4_hnj6k
279	トゥインクルスタークライマックス 最後の勝負	X0e6twzip9s
280	トゥインクルスタークライマックス 最後の決戦	O6ikbl8k2Mk
281	ウィー・アー・フレンズ	5CBPidQp4kw
282	羽ばたきのRun-up！	B4PJTsD7X2E
283	Dear DREAMERS	r-BC4y3rrTw
284	We are DREAMERS!! -Ver Inst Melody-	kHrVUKmAA8Y
285	デイリーレース ファンファーレ	zr-c-p8wi0Y
286	チームレース ファンファーレ	ww54csG2zfg
287	トレーナーズカップ ファンファーレ	yRVv5A1iXII
288	トレーニングレース ファンファーレ	3DcAv5nVsVU
289	川崎レース場 ファンファーレ	RVrV7v-C-Es
290	船橋レース場 ファンファーレ	2aaCEYZm3aI
291	盛岡レース場 JpnIII競走 ファンファーレ	v2bMsgxrB40
292	盛岡レース場 JpnI競走 ファンファーレ	x61rZkNKkwc
293	大井レース場 東京大賞典 ファンファーレ	XlxrkS7vHxM
294	大井レース場 ファンファーレ	4cLQg90DTPc
295	ルーレットダービー	2FOJJzNNMqY
296	うまぴょい伝説 ‐こんなUFOはじめて‐	jPexDXnLRRo
297	Fanfare for Future! ‐頑張って get!‐	aO2CjoKZufw
298	グロウアップ・シャイン！ ‐落ちるなんてNo Thank You!‐	NOfHs0PS1AU
299	Let's go ! リッキー☆	zB7wtxEF9eI
300	チヨノオーのお悩み相談室のうた	PuqI5P_o90E
301	ゴルシでラップ -It's むりむり-	7ngFJRU4yd0
302	まだ見ぬ夢のステージへ	0p1w1zOKWro
303	今日もにぎやかな始業前	_zMjEqxy0qs
304	あの子にもだれにも負けないから	VCsCI-RMFWY
305	あいつとの出会い	dabfKy9kGPc
306	王者は高見にて待つ	e_ueaxR3gA8
307	幕はあがっているのだよ	Hp0lM8B3BOo
308	期待と確信と時々ごはん	M_HqcsGjKIU
309	新月への誓い	wPapNoA5O6I
310	絶好調！もっと前へ	wWRtc7UB_6A
311	第１章-プロローグ-	Ds-wbCHIoDc
312	勝負レース発バ	FdLn1FxjXZQ
313	もっと、もっと	adR2Z5APrFo
314	宵の明星	Z8jCt2mvSjo
315	積みあげてきたもの	PwwM0TKAwH0
316	ROAD TO THE TOP	b0_qpMZu4_Y
317	勝利へのカウントダウン (Violin Solo アドリブver)	vTiooptjUIQ
318	健気な憧れの先輩	pCLfXgovtMI
319	RUN TO THE STARRY ROAD (Guitar Melo ver)	Rxn6kAxKFNY
320	第66回日本ダービー	iL6M9miFEZA
321	18分の1の駆け引き	ivVbCLxh7Dg
322	夏空のラルモニア	hQfkYfiNrQ0
323	雨色の夢舞台	wTxJYH97NyI
324	あなたを忘れない	WQvnNjjk9hk
325	息抜きも大切	hPTNmMuthS4
326	陽だまりの中で風薫る	OZvCYbf-m14
327	薄明の底の鈍い光	vRGCg4O3yPc
328	RUN TO THE STARRY ROAD (Piano Melo ver)	b-aLuqNhjZ4
329	みんなの期待に応えたい、でも...	pEiST7PMRiM
330	雨のち晴れ	10wUnZ2t-aM
331	譲れないゴール	_XLnAsks4TI
332	彗星の流れ	utsiXab3Nhg
333	華麗なる自信家の輝き	dTZVAXhy2W4
334	威風堂々、進むべき道	n5eXp8dyfnw
335	星を探して	8gzeVTxtqT0
336	眩しすぎる光	7VR1kW5JB1Q
337	私の目標、私の進む先	ni0MfavYci4
338	私のすべてをあなたに捧ぐ	UFbXXu72q0s
339	加速する夢と期待	KHj-2EJoRKY
340	ウマ娘の歴史 -受け継がれるもの-	hVSdg7H8jgM
341	憧れの舞台、憧れのレース	lal7XuPuFJc
342	明朗快活！人情派ウマ娘	I7pDhhgmTt0
343	いつかなれると思ってた憧れ	Aku9BYWUNoQ
344	決意 -あたしらしく-	IDuJkK94fi0
345	ホントの気持ち	XjZvncGyFeA
346	ここがあたしのスタート	NngC5YG_bjg
347	さぁ、共に美しき音色を！	mkKT7P8ZIhw
348	夢は終わらない	0jshZ5tUeFk
349	ミッション：ハードトレーニング	EHqC76bGK7U
350	応援してくれるみんな	LXhEr_R8JYI
351	私はもっと強くなる	uYIn97dlBXA
352	負けない！	EgGcQjv5Jew
353	消えない何か	TMahzNyqocI
354	ぶつかり合う想い	fREaaIFq6Vk
355	ずっと今日のこと覚えていよう	ZqPwikBdttQ
356	暮れゆく学園	iIfxdgZOA3I
357	伸びない脚	qAVVbYIQAA0
358	葛藤	Wt5dX_tGTL0
359	泥だらけのデッドヒート	UJPqnuc73II
360	駆け抜けた道の先	mINzu1IJXiw
361	真面目なアイキャッチ	OFA_yH7n7O4
362	使われなかったアイキャッチ	PUJAgZX2Euc
363	いよいよだね！	BHRxXG466yE
364	いよいよだよ！	YFcj__DVnKM
365	ジンクスに負けない！	kZ-2zhaLLKY
366	ジンクスに負けない！？	hqjS7hsxSUY
367	消えない何か (じんわりVer.)	O1LD7jP2dAM
368	ちょっと嬉しい何か	-KmYuWTiN3s
369	私は叶える	qoEm5TUCkXo
370	次は負けない…！	cAboKevLHDA
1	scenery	GM8_6xqHXko
2	Silent Star -見たい景色があるから-	-T5m6KhNAEA
3	Silent Star -この美しい世界-	NnzYMXLu0jU
4	この景色は譲らない	BTs5FOuv12s
5	transforming -私だけの走り-	LuTnLgb-4nA
6	異次元の逃亡劇	2Op-MRXwVpQ
7	行きつく未来	otf8wqcUGHU
8	transforming -超えたい壁-	s6Frj1Weuak
9	ゆずれない夢の途中	GfviSETKxEc
10	膨らみ続ける感情	84rrgoS_z94
11	想いを背負うウマ娘	gsFvsLN7yEw
12	宵闇の約束	B_xshCTzMU4
13	景色を追い続けて	lOjZu4iuuc8
14	目指せ！最強チーム	TJi5xCS6Ieo
15	スカウトレース ファンファーレ	f7W-nYHoPnM
16	スカウトレース	6T4kKquh93s
17	スカウトレース 最後の勝負	5GU4foOWYY8
18	トレーナー技能試験	wYAY48RjOQ4
19	レース結果 -着外-	-ZhMAYq4koo
20	レース結果 -1着-	vVa3M94e_yo
21	ソワレ・ド・エトワーレ	aJHkKjmtHdc
22	mag!c number	frH8Viaiid8
23	DJ Time mixed by !monad	zZ3gNP-jwec
24	リーニュ・ドロワット	JwsD7qaoZl4
25	轟け、エール！	yWicU_1R0wY
26	トレセン学園応援団	TNl0E-M8Nf0
27	ユメヲカケル！ (トレセン学園応援団 Ver)	3hiohRRaZX8
28	わたしの印は大本命◎ -日本一を目指して！-	j8aVk-vKCmk
29	お母ちゃんたちのためにも！	eIgnr5WvFpY
30	想いはいっぱい！日本ダービー	21696WNkM9s
31	想いを力に！天皇賞 (春)	OX8scXH2ApQ
32	To Be Continued	-Rl_bn3efcI
33	いざ、参ります	0VoOCFHuk9A
34	頂へ至る道 宝塚記念	4Zo_QaE_idM
35	Montjeu, Le Mur du Monde	rzX7asUyel0
36	世界最強への舞台 凱旋門賞	blW-1wwGhq4
37	みなさんにあって、私にはない	P9BnKQ6YDNY
38	私たちは今日も走る	TIj4KvmfKBw
39	みんなにとっての日本一	AVPvhQDgflU
40	世界最強を手にするのは	DTPTo3cZ2tA
41	日本総大将	bQrkl1qwaHk
42	開幕！ビューティードリームカップ	v9NBgKVYmJ0
43	ミューズ・オーディション	W-OnFYadBls
44	Beauty-Anshinzawa	9G2NWGyvSfU
45	GIRLS' LEGEND WEDDING	b2Lgcmm_Yns
46	初夏の風	BCgsJh_UxKk
47	サマーウォーク de リバーサイド	YVhg7QlSXWo
48	サマーウォーク de フォレストサイド	1Fv0dKAZb_M
49	大好きのタカラバコ (ロードナイトと夢の石 Ver)	CSvJlh_FDQk
50	グランドライブ ジュニア級 クラシック級	u5jiyCbVRHo
51	グランドライブ シニア級	qortlp_CHV4
52	育成完了	Eyg5lgzzmUQ
53	目標未達成…	fgUqwLMwKQo
54	蒸気機関と鉄の街	PTlJnXIX1oU
55	ただいまジョブ選択中	1uqCNyC_Z7Q
56	GIRLS' steam p-U-nk	MGRq0xEBCCA
57	Dream Deliverer	d_ynStNYWwQ
58	イナリとタマ	9qXh_-yeM9U
59	団結祈願！	KcqLcZWbr2A
60	想撚 (おもいより)	3E-xunUYCLY
61	SHI N ME GA KE	9H6Ort71G7s
62	グランドマスターズ -継ぐ者達へ-	0r892wSP35s
63	グランドマスターズ ジュニア級 クラシック級	7nNhtJL4MsA
64	バイアリーターク	djS-bheHi9I
65	グロウアップレース ファンファーレ	2Rx8sFSitWs
66	グロウアップレース	nA12IYvbV64
67	グロウアップレース 最後の勝負	fs2Mt6mmJ_U
68	ダーレーアラビアン	8iJ1Lx72zzU
69	グランドマスターズ シニア級	4eg6NRhYu4k
70	WBC開幕	aaN178u4IWc
71	SUPER WBC開幕	lO0B2U7Prmo
72	WBC & SUPER WBC	0CNh-9yIEqg
73	WBC & SUPER WBC 最後の勝負	lj9sIjFe45U
74	ゴドルフィンバルブ	NieG4ojFwi8
75	祖にして導く者	b9S8O58W-A0
76	グランドマスターズ開幕	wdgkqKvvuts
77	グランドマスターズ	6hkUDGkpBlw
78	グランドマスターズ 最後の決戦	KYX87lHlgko
79	GENERATIONS 勇者ひしめく時代 篇	YbBc0UDcamI
80	しゃぼん玉	rFRR1gPQeKQ
81	猪突猛進×ひたむき×アイズ	QzXhz1ROLjs